id,name,url
1,101 Dalmatians,101_Dalmatians_(2022_musical)
2,Dodie Smith,Dodie_Smith
3,110 in the Shade,110_in_the_Shade
4,13,13_(musical)
5,1492 Up to Date,1492_Up_to_Date
6,1600 Pennsylvania Avenue,1600_Pennsylvania_Avenue_(musical)
7,1776,1776_(musical)
8,1789: Les Amants de la Bastille,1789:_Les_Amants_de_la_Bastille
9,21 Chump Street,21_Chump_Street
10,3 Musketiers,3_Musketiers
11,42nd Street,42nd_Street_(film)
12,42nd Street,42nd_Street_(musical)
13,70, Girls, 70,70,_Girls,_70
14,8 femmes,8_Women
15,9 to 5,9_to_5_(musical)
16,A... My Name Is Alice,A..._My_Name_Is_Alice
17,Aaron Slick from Punkin Crick,Aaron_Slick_from_Punkin_Crick
18,ABBAcadabra,Abbacadabra
19,About Face,About_Face_(1952_film)
20,Absolute Beginners,Absolute_Beginners_(film)
21,Abyssinia,Abyssinia_(musical)
22,Ace,Ace_(musical)
23,Ace of Clubs,Ace_of_Clubs_(musical)
24,Acorn Antiques: The Musical!,Acorn_Antiques:_The_Musical!
25,Across the Universe,Across_the_Universe_(film)
26,Adding Machine,Adding_Machine_(musical)
27,Adèle,Adele_(musical)
28,Adonis,Adonis_(musical)
29,Affair in Trinidad,Affair_in_Trinidad
30,Afgar,Afgar
31,After the Ball,After_the_Ball_(musical)
32,After Midnight,After_Midnight_(musical)
33,Aida,Aida_(musical)
34,Ain't Misbehavin',Ain%27t_Misbehavin%27_(musical)
35,Ain't Supposed to Die a Natural Death,Ain%27t_Supposed_to_Die_a_Natural_Death
36,Ain't Too Proud,Ain%27t_Too_Proud_(musical)
37,Aladdin,Aladdin_(1958_film)
38,Aladdin,Aladdin_(1979_musical)
39,Aladdin,Aladdin_(1992_Disney_film)
40,Alexander's Ragtime Band,Alexander%27s_Ragtime_Band_(film)
41,Ali Baba Goes to Town,Ali_Baba_Goes_to_Town
42,Alice by Heart,Alice_by_Heart
43,Alice in Wonderland,Alice_in_Wonderland_(musical)
44,Alice in Wonderland,Alice_in_Wonderland_(1951_film)
45,Alice in Wonderland,Alice_in_Wonderland_(1976_film)
46,Alice in Wonderland,Alice_in_Wonderland_(1985_film)
47,Alice in Wonderland (or What's a Nice Kid Like You Doing in a Place Like This?),Alice_in_Wonderland_(or_What%27s_a_Nice_Kid_Like_You_Doing_in_a_Place_Like_This%3F)
48,Alice's Adventures in Wonderland,Alice%27s_Adventures_in_Wonderland_(1972_film)
49,Alive and Kicking,Alive_and_Kicking_(musical)
50,All American,All_American_(musical)
51,All Dogs Go to Heaven,All_Dogs_Go_to_Heaven
52,All Dogs Go to Heaven 2,All_Dogs_Go_to_Heaven_2
53,All the Fun of the Fair,All_the_Fun_of_the_Fair
54,All Hands on Deck,All_Hands_on_Deck_(1961_film)
55,All the King's Horses,All_the_King%27s_Horses_(1935_film)
56,All Out of Love,All_Out_of_Love_(musical)
57,All Shook Up,All_Shook_Up_(musical)
58,All That Jazz,All_That_Jazz_(film)
59,Allegiance,Allegiance_(musical)
60,Allegro,Allegro_(musical)
61,Almost Famous,Almost_Famous_(musical)
62,Altar Boyz,Altar_Boyz
63,Amazing Grace,Amazing_Grace_(musical)
64,Ambassador,Ambassador_(musical)
65,Amélie,Am%C3%A9lie_(musical)
66,Amen Corner,Amen_Corner_(musical)
67,American Idiot,American_Idiot_(musical)
68,America Is Hard to See,America_Is_Hard_to_See
69,American Pop,American_Pop
70,American Psycho,American_Psycho_(musical)
71,Americana,Americana_(revue)
72,America's Sweetheart,America%27s_Sweetheart_(musical)
73,Amour,Amour_(musical)
74,Amphitryon,Amphitryon_(film)
75,Anastasia,Anastasia_(1997_film)
76,Anastasia,Anastasia_(musical)
77,Anchors Aweigh,Anchors_Aweigh_(film)
78,&amp; Juliet,%26_Juliet
79,And the Angels Sing,And_the_Angels_Sing
80,And the World Goes 'Round,And_the_World_Goes_%27Round
81,Andy Hardy's Private Secretary,Andy_Hardy%27s_Private_Secretary
82,Angel,Angel_(musical)
83,Angel in the Wings,Angel_in_the_Wings
84,Angélique, Marquise des Anges,Angelique_(novel_series)
85,Ani: A Parody,Ani_(musical)
86,Animal Crackers,Animal_Crackers_(musical)
87,Ankles Aweigh,Ankles_Aweigh
88,Anna and the Apocalypse,Anna_and_the_Apocalypse
89,Anna Karenina,Anna_Karenina_(musical)
90,Anne &amp; Gilbert,Anne_%26_Gilbert
91,Anne of Green Gables,Anne_of_Green_Gables:_The_Musical
92,Annie,Annie_(musical)
93,Annie Get Your Gun,Annie_Get_Your_Gun_(musical)
94,Annie Warbucks,Annie_Warbucks
95,Another Cinderella Story,Another_Cinderella_Story
96,Anya,Anya_(musical)
97,Anyone Can Whistle,Anyone_Can_Whistle
98,Anything Goes,Anything_Goes
99,Applause,Applause_(musical)
100,April in Paris,April_in_Paris_(film)
101,April Love,April_Love_(film)
102,Are You With It?,Are_You_with_It%3F_(musical)
103,Are You with It?,Are_You_with_It%3F
104,Around the World,Around_the_World_(musical)
105,Arthur! Arthur!,Arthur!_Arthur!
106,Artists and Models,Artists_and_Models_(1937_film)
107,Artists and Models,Artists_and_Models
108,As the Girls Go,As_the_Girls_Go
109,As Long as They're Happy,As_Long_as_They%27re_Happy
110,As Thousands Cheer,As_Thousands_Cheer
111,Aspects of Love,Aspects_of_Love
112,Assassins,Assassins_(musical)
113,At the Circus,At_the_Circus
114,At the Drop of Another Hat,At_the_Drop_of_Another_Hat
115,At the Drop of a Hat,At_the_Drop_of_a_Hat
116,At Home Abroad,At_Home_Abroad
117,At Long Last Love,At_Long_Last_Love
118,At War with the Army,At_War_with_the_Army
119,Athena,Athena_(1954_film)
120,Atlantic City,Atlantic_City_(1944_film)
121,Autant en emporte le vent,Autant_en_emporte_le_vent
122,Avenue Q,Avenue_Q
123,Babes in Arms,Babes_in_Arms
124,Babes in Toyland,Babes_in_Toyland_(operetta)
125,Babes on Broadway,Babes_on_Broadway
126,Baby,Baby_(musical)
127,Baby It's You!,Baby_It%27s_You!
128,Back to the 80's,Back_to_the_80s_(musical)
129,Back to the Future: The Musical,Back_to_the_Future:_The_Musical
130,Back to the Future,Back_to_the_Future
131, Bad Cinderella,Cinderella_(Lloyd_Webber_musical)
132,Bad Girls,Bad_Girls:_The_Musical
133,Bajour,Bajour_(musical)
134,Baker Street,Baker_Street_(musical)
135,Ball im Savoy,Ball_im_Savoy
136,Ballroom,Ballroom_(musical)
137,Bambi,Bambi
138,The Band,The_Band_(musical)
139,Band Waggon,Band_Waggon_(film)
140,Bandstand,Bandstand_(musical)
141,Banjo Eyes,Banjo_Eyes
142,Bar Mitzvah Boy,Bar_Mitzvah_Boy_(musical)
143,Barbarella,Barbarella_(musical)
144,The Bardy Bunch,The_Bardy_Bunch
145,Bare: The Musical,Bare:_The_Musical
146,Bare: A Pop Opera,Bare:_A_Pop_Opera
147,Barnum,Barnum_(musical)
148,Baron Trenck,Baron_Trenck
149,Bat Boy,Bat_Boy:_The_Musical
150,Bathhouse: The Musical!,Bathhouse:_The_Musical!
151,Bat Out of Hell,Bat_Out_of_Hell_The_Musical
152,Bats,Bats_(musical)
153,Bayside! The Musical!,Saved_by_the_Bell#Bayside!_The_Musical!
154,Be More Chill,Be_More_Chill_(musical)
155,Be Yourself,Be_Yourself_(film)
156,Beat the Band,Beat_the_Band
157,Beatlemania,Beatlemania_(musical)
158,Beautiful: The Carole King Musical,Beautiful:_The_Carole_King_Musical
159,Beauty and the Beast,Beauty_and_the_Beast_(musical)
160,Beauty World,Beauty_World_(musical)
161,Because You're Mine,Because_You%27re_Mine
162,Becoming Nancy,Becoming_Nancy_(musical)
163,Bedknobs and Broomsticks,Bedknobs_and_Broomsticks_(musical)
164,Beetlejuice,Beetlejuice_(musical)
165,The Beggar Student,Der_Bettelstudent
166,Beggar's Holiday,Beggar%27s_Holiday
167,Beguiled Again,Beguiled_Again
168,Behind the Iron Mask,Behind_the_Iron_Mask
169,Bel-Ami,Bel_Ami
170,Bella: An American Tall Tale,Bella:_An_American_Tall_Tale
171,Belle of the Nineties,Belle_of_the_Nineties
172,Belle of the Yukon,Belle_of_the_Yukon
173,Belles belles belles,Belles_belles_belles
174,Bells Are Ringing,Bells_Are_Ringing_(musical)
175,Ben Franklin in Paris,Ben_Franklin_in_Paris
176,Bend It Like Beckham,Bend_It_Like_Beckham_the_Musical
177,Bernarda Alba,Bernarda_Alba_(musical)
178,Bernardine,Bernardine_(film)
179,Besame Mucho,Besame_Mucho_El_Musical
180,Best Foot Forward,Best_Foot_Forward_(musical)
181,Bette! Divine Madness,Divine_Madness_(film)
182,Betty,Betty_(musical)
183,Betty Blue Eyes,Betty_Blue_Eyes
184,Between the Devil,Between_the_Devil
185,Between the Lines,Between_the_Lines_(musical)
186,Betwixt!,Betwixt!
187,Beyond the Fringe,Beyond_the_Fringe
188,Big Fella,Big_Fella
189,Big Fish,Big_Fish_(musical)
190,Big River,Big_River_(musical)
191,Billie,Billie_(1965_film)
192,Billion Dollar Baby,Billion_Dollar_Baby
193,Billy,Billy_(musical)
194,Billy Elliot,Billy_Elliot_the_Musical
195,Billy Noname,Billy_Noname
196,Birds of Paradise,Birds_of_Paradise_(musical)
197,Bitter Sweet,Bitter_Sweet_(operetta)
198,Black and Blue,Black_and_Blue_(musical)
199,Black Friday,Black_Friday_(musical)
200,Blackbirds of 1928,Blackbirds_of_1928
201,Bless the Bride,Bless_the_Bride
202,Blitz!,Blitz!
203,Blondel,Blondel_(musical)
204,Blood Brothers,Blood_Brothers_(musical)
205,Bloody Bloody Andrew Jackson,Bloody_Bloody_Andrew_Jackson
206,Bloomer Girl,Bloomer_Girl
207,Blossom Time,Das_Dreim%C3%A4derlhaus
208,Blue Hawaii,Blue_Hawaii
209,Blue Rhythm,Blue_Rhythm
210,Blue Skies,Blue_Skies_(1946_film)
211,Bluebell in Fairyland,Bluebell_in_Fairyland
212,Blues in the Night,Blues_in_the_Night_(film)
213,Blues in the Night,Blues_in_the_Night_(musical)
214,Boccaccio,Boccaccio_(1936_film)
215,Bombay Dreams,Bombay_Dreams
216,Bombo,Bombo_(musical)
217,Bonnie &amp; Clyde,Bonnie_%26_Clyde_(musical)
218,Boobs!,Boobs!_The_Musical
219,Boogie Nights,Boogie_Nights_(musical)
220,Boots and Saddles,Boots_and_Saddles_(1937_film)
221,Boots! Boots!,Boots!_Boots!
222,Born to Dance,Born_to_Dance
223,Bottoms Up,Bottoms_Up_(1934_film)
224,Boy Meets Boy,Boy_Meets_Boy_(musical)
225,Bran Nue Dae,Bran_Nue_Dae
226,Bravo Giovanni,Bravo_Giovanni
227,Breakfast at Tiffany's,Breakfast_at_Tiffany%27s_(musical)
228,Brewster's Millions,Brewster%27s_Millions_(1935_film)
229,Brigadoon,Brigadoon
230,Bright Eyes,Bright_Eyes_(1934_film)
231,Bright Lights, Big City,Bright_Lights,_Big_City_(musical)
232,Bright Lights of 1944,Bright_Lights_of_1944
233,Bright Star,Bright_Star_(musical)
234,Bring Back Birdie,Bring_Back_Birdie
235,Bring in 'da Noise, Bring in 'da Funk,Bring_in_%27da_Noise,_Bring_in_%27da_Funk
236,Bring It On,Bring_It_On:_The_Musical
237,Bring Your Smile Along,Bring_Your_Smile_Along
238,Britannia of Billingsgate,Britannia_of_Billingsgate
239,Broadway Gondolier,Broadway_Gondolier
240,Broadway Melody of 1936,Broadway_Melody_of_1936
241,Broadway Melody of 1938,Broadway_Melody_of_1938
242,Broadway Melody of 1940,Broadway_Melody_of_1940
243,Broadway Through a Keyhole,Broadway_Through_a_Keyhole
244,Brooklyn,Brooklyn_(musical)
245,Bubble Boy,Bubble_Boy_(musical)
246,Bubbling Brown Sugar,Bubbling_Brown_Sugar
247,Buck Benny Rides Again,Buck_Benny_Rides_Again
248,Buck Privates,Buck_Privates
249,Buddies,Buddies_(play)
250,Buddy – The Buddy Holly Story,Buddy_%E2%80%93_The_Buddy_Holly_Story
251,Bugs Bunny on Broadway,Bugs_Bunny_on_Broadway
252,Bugsy Malone,Bugsy_Malone
253,Bullets over Broadway,Bullets_over_Broadway
254,Bumblescratch,Bumblescratch
255,Bundle of Joy,Bundle_of_Joy
256,The Bunyip,The_Bunyip_(musical)
257,Burlesque,Burlesque_(2010_American_film)
258,Bus Stop,Bus_Stop_(1956_film)
259,By the Beautiful Sea,By_the_Beautiful_Sea_(musical)
260,By Jeeves,By_Jeeves
261,By Jupiter,By_Jupiter
262,By the Light of the Silvery Moon,By_the_Light_of_the_Silvery_Moon_(film)
263,Bye Bye Birdie,Bye_Bye_Birdie
264,Cab Calloway's Hi-De-Ho,Cab_Calloway%27s_Hi-De-Ho
265,Cabaret,Cabaret_(musical)
266,Cabin in the Sky,Cabin_in_the_Sky_(musical)
267,Calamity Jane,Calamity_Jane_(film)
268,Call Me Madam,Call_Me_Madam
269,Call Me Mister,Call_Me_Mister
270,Call of the Flesh,Call_of_the_Flesh
271,Camelot,Camelot_(musical)
272,Camp,Camp_(2003_film)
273,Camp Rock,Camp_Rock
274,Camp Rock 2: The Final Jam,Camp_Rock_2:_The_Final_Jam
275,Can-Can,Can-Can_(musical)
276,Candide,Candide_(operetta)
277,Cannibal,Cannibal!_The_Musical
278,Can't Help Singing,Can%27t_Help_Singing
279,Can't Stop the Music,Can%27t_Stop_the_Music
280,Canterbury Tales,Canterbury_Tales_(musical)
281,Captain January,Captain_January_(1936_film)
282,Captain Louie,Captain_Louie
283,Carefree,Carefree_(film)
284,Carmelina,Carmelina
285,Carmen Jones,Carmen_Jones
286,Carnival in Flanders,Carnival_in_Flanders_(musical)
287,Carnival!,Carnival!
288,Caroline, or Change,Caroline,_or_Change
289,Carousel,Carousel_(musical)
290,Carrie,Carrie_(musical)
291,Casbah,Casbah_(film)
292,Castles in the Air,Castles_in_the_Air_(musical)
293,Catch Me If You Can,Catch_Me_If_You_Can_(musical)
294,Cats,Cats_(musical)
295,Cats Don't Dance,Cats_Don%27t_Dance
296,Celebration,Celebration_(musical)
297,Centennial Summer,Centennial_Summer
298,Champagne Charlie,Champagne_Charlie_(musical)
299,Chaplin,Chaplin_(2006_musical)
300,Charlie and the Chocolate Factory,Charlie_and_the_Chocolate_Factory_(musical)
301,Charlie Girl,Charlie_Girl
302,Charlotte Sweet,Charlotte_Sweet
303,Charlotte's Web,Charlotte%27s_Web_(1973_film)
304,Chasing Rainbows,Chasing_Rainbows_(1930_film)
305,Chess,Chess_(musical)
306,Chicago,Chicago_(musical)
307,Children of Eden,Children_of_Eden
308,Children's Letters to God,Children%27s_Letters_to_God
309,Chitty Chitty Bang Bang,Chitty_Chitty_Bang_Bang_(musical)
310,Chris and the Wonderful Lamp,Chris_and_the_Wonderful_Lamp
311,Chronicle of a Death Foretold,Chronicle_of_a_Death_Foretold_(musical)
312,Chu Chin Chow,Chu_Chin_Chow
313,Church Basement Ladies,Church_Basement_Ladies
314,Cinderella,Cinderella_(1950_film)
315,Cinderella,Cinderella_(2013_Broadway_production)
316,Cindy,Cindy_(musical)
317,Cirque Dreams Holidaze,Cirque_Productions
318,City of Angels,City_of_Angels_(musical)
319,Clambake,Clambake_(film)
320,Clinton: The Musical,Clinton:_The_Musical
321,Close Harmony,Close_Harmony_(1929_film)
322,Closer Than Ever,Closer_Than_Ever
323,Closer to Heaven,Closer_to_Heaven_(musical)
324,Clue,Clue_(musical)
325,Clueless, The Musical,Clueless_(musical)
326,Coco,Coco_(musical)
327,Colleen,Colleen_(1936_film)
328,College Humor,College_Humor_(film)
329,Colma,Colma:_The_Musical
330,Come from Away,Come_from_Away
331,Come Summer,Come_Summer
332,Comin' Round the Mountain,Comin%27_Round_the_Mountain
333,Company,Company_(musical)
334,Coney Island,Coney_Island_(1943_film)
335,Contact,Contact_(musical)
336,Conversation Piece,Conversation_Piece_(musical)
337,Copacabana,Copacabana_(1947_film)
338,Copacabana,Copacabana_(musical)
339,Coraline,Coraline_(musical)
340,Corpse Bride,Corpse_Bride
341,Cotton Patch Gospel,Cotton_Patch_Gospel
342,Countess Maritza,Countess_Maritza
343,Cover Girl,Cover_Girl_(film)
344,Cowardy Custard,Cowardy_Custard
345,Cowboy from Brooklyn,Cowboy_from_Brooklyn
346,Crazy for You,Crazy_for_You_(musical)
347,Crossroads,Crossroads_(1986_film)
348,Cruel Intentions: The Musical,Cruel_Intentions:_The_Musical
349,Cry for Us All,Cry_for_Us_All
350,Cry-Baby,Cry-Baby_(musical)
351,Curley McDimple,Curley_McDimple
352,Curtains,Curtains_(musical)
353,Cyrano,Cyrano_(musical)
354,Cyrano,Cyrano:_The_Musical
355,Daddy Cool,Daddy_Cool_(musical)
356,Daddy Long Legs,Daddy_Long_Legs_(1955_film)
357,,Daddy_Long_Legs_(musical)
358,Dames,Dames_(film)
359,Dames at Sea,Dames_at_Sea
360,Damn Yankees,Damn_Yankees
361,Dance a Little Closer,Dance_a_Little_Closer
362,Dance of the Vampires,Dance_of_the_Vampires_(musical)
363,Dance with Me,Dance_with_Me_(musical)
364,Dancer in the Dark,Dancer_in_the_Dark
365,Dancin',Dancin%27
366,Dancing Lady,Dancing_Lady
367,Dangerous When Wet,Dangerous_When_Wet
368,Darby O'Gill and the Little People,Darby_O%27Gill_and_the_Little_People
369,Darling Lili,Darling_Lili
370,Darling of the Day,Darling_of_the_Day_(musical)
371,Dear Edwina,Dear_Edwina
372,Dear Evan Hansen,Dear_Evan_Hansen
373,Dear World,Dear_World
374,Dearest Enemy,Dearest_Enemy
375,Death of a Salesman,Death_of_a_Salesman
376,Death Note,Death_Note:_The_Musical
377,Debbie Does Dallas,Debbie_Does_Dallas:_The_Musical
378,Deep in My Heart,Deep_in_My_Heart_(1954_film)
379,Delicious,Delicious_(film)
380,Delightfully Dangerous,Delightfully_Dangerous
381,De-Lovely,De-Lovely
382,Descendants,Descendants_(2015_film)
383,Descendants 2,Descendants_2
384,Descendants 3,Descendants_3
385,Dessa Rose,Dessa_Rose_(musical)
386,Destry Rides Again,Destry_Rides_Again
387,Destry Rides Again,Destry_Rides_Again_(musical)
388,Devil-May-Care,Devil-May-Care
389,The Devil Wears Prada,The_Devil_Wears_Prada_(musical)
390,Diamonds,Diamonds_(musical)
391,Diana,Diana_(musical)
392,Dick Tracy,Dick_Tracy_(1990_film)
393,Different Times,Different_Times_(musical)
394,Dimples,Dimples_(1935_film)
395,Diner,Diner_(1982_film)#Stage_adaptation
396,Dirty Rotten Scoundrels,Dirty_Rotten_Scoundrels_(musical)
397,Disaster!,Disaster!_(musical)
398,Disco Inferno,Disco_Inferno_(musical)
399,Divorce Me, Darling!,Divorce_Me,_Darling!
400,Dixiana,Dixiana_(film)
401,Dixie,Dixie_(film)
402,Do Black Patent Leather Shoes Really Reflect Up?,Do_Black_Patent_Leather_Shoes_Really_Reflect_Up%3F
403,Do I Hear a Waltz?,Do_I_Hear_a_Waltz%3F
404,Do Re Mi,Do_Re_Mi_(musical)
405,Doctor Dolittle,Doctor_Dolittle_(musical)
406,Doctor Zhivago,Doctor_Zhivago_(musical)
407,Dogfight,Dogfight_(musical)
408,Doll Face,Doll_Face
409,Donnybrook!,Donnybrook!
410,Don't Bother Me, I Can't Cope,Don%27t_Bother_Me,_I_Can%27t_Cope
411,Don't Play Us Cheap,Don%27t_Play_Us_Cheap
412,Doonesbury,Doonesbury_(musical)
413,Double or Nothing,Double_or_Nothing_(1937_film)
414,Double Trouble,Double_Trouble_(1967_film)
415,Down Argentine Way,Down_Argentine_Way
416,Down to Earth,Down_to_Earth_(1947_film)
417,Dr. Horrible's Sing-Along Blog,Dr._Horrible%27s_Sing-Along_Blog
418,Dr. Seuss' How the Grinch Stole Christmas!,Dr._Seuss%27_How_the_Grinch_Stole_Christmas!_The_Musical
419,Dracula – Entre l'amour et la mort,Dracula_%E2%80%93_Entre_l%27amour_et_la_mort
420,Dracula,Dracula,_the_Musical
421,Drat! The Cat!,Drat!_The_Cat!
422,Dreamboats and Petticoats,Dreamboats_and_Petticoats
423,Dreamgirls,Dreamgirls
424,Dreams Come True,Dreams_Come_True_(1936_film)
425,Die Drei von der Tankstelle,The_Three_from_the_Filling_Station_(1930_film)
426,The Drifters Girl,The_Drifters_Girl
427,DuBarry Was a Lady,DuBarry_Was_a_Lady
428,Duchess of Idaho,Duchess_of_Idaho
429,Duck Soup,Duck_Soup_(1933_film)
430,Dude,Dude_(musical)
431,Duffy's Tavern,Duffy%27s_Tavern_(film)
432,Dumbo,Dumbo
433,Dusty – The Original Pop Diva,Dusty_%E2%80%93_The_Original_Pop_Diva
434,Eadie Was a Lady,Eadie_Was_a_Lady
435,Earth Girls Are Easy,Earth_Girls_Are_Easy
436,Easter Parade,Easter_Parade_(film)
437,Easter Rising,Easter_Rising_(musical)
438,Easy to Love,Easy_to_Love_(1953_film)
439,Eating Raoul,Eating_Raoul_(musical)
440,Eileen,Eileen_(musical)
441,Einbrecher,Burglars_(film)
442,Elegies,Elegies_(William_Finn)
443,Elegies for Angels, Punks and Raging Queens,Elegies_for_Angels,_Punks_and_Raging_Queens
444,Elf,Elf_(Broadway_musical)
445,Elisabeth,Elisabeth_(musical)
446,Elixier,Elixier
447,Elsie,A_Dangerous_Maid
448,Emir,Emir_(film)
449,Enchanted,Enchanted_(film)
450,Erminie,Erminie
451,Ernest in Love,Ernest_in_Love
452,Escape to Margaritaville,Escape_to_Margaritaville
453,Eubie!,Eubie!
454,Eugenius!,Eugenius!
455,Evening Primrose,Evening_Primrose_(musical)
456,Ever After The Musical,Ever_After_The_Musical
457,Ever Green,Ever_Green
458,Every Night at Eight,Every_Night_at_Eight
459,Everybody Sing,Everybody_Sing_(film)
460,Everybody's Talking About Jamie,Everybody%27s_Talking_About_Jamie
461,Everybody's Welcome,Everybody%27s_Welcome
462,Everyday Rapture,Everyday_Rapture
463,Everyone Says I Love You,Everyone_Says_I_Love_You
464,Everything I Have is Yours,Everything_I_Have_Is_Yours_(film)
465,Everything Is Rhythm,Everything_Is_Rhythm
466,Evie and the Birdman,Evie_and_the_Birdman
467,Evil Dead,Evil_Dead:_The_Musical
468,Evita,Evita_(musical)
469,Fade Out - Fade In,Fade_Out_-_Fade_In
470,F.F.F,F.F.F._(musical)
471,Falsettoland,Falsettoland
472,Falsettos,Falsettos
473,Fame,Fame_(musical)
474,Fancy Nancy,Fancy_Nancy_the_Musical
475,FANGIRLS,Fangirls_(musical)
476,Fanny,Fanny_(musical)
477,Fellowship!,Fellowship!
478,Fiddler on the Roof,Fiddler_on_the_Roof
479,Finding Nemo,Finding_Nemo_%E2%80%93_The_Musical
480,Finding Neverland,Finding_Neverland_(musical)
481,Fings Ain't Wot They Used T'Be,Fings_Ain%27t_Wot_They_Used_T%27Be
482,Finian's Rainbow,Finian%27s_Rainbow
483,Fiorello!,Fiorello!
484,Firebringer,Firebringer
485,First Date,First_Date_(musical)
486,First Impressions,First_Impressions_(musical)
487,First Lady Suite,First_Lady_Suite
488,The First Queen,The_First_Queen
489,Five Guys Named Moe,Five_Guys_Named_Moe
490,Flahooley,Flahooley
491,Flashdance,Flashdance_the_Musical
492,Flora the Red Menace,Flora_the_Red_Menace
493,Florodora,Florodora
494,Flower Drum Song,Flower_Drum_Song
495,Floyd Collins,Floyd_Collins_(musical)
496,Flying High,Flying_High_(musical)
497,Follies,Follies
498,Follow That Girl,Follow_That_Girl
499,Follow the Boys,Follow_the_Boys_(1963_film)
500,Follow the Girls,Follow_the_Girls
501,Follow Thru,Follow_Thru_(musical)
502,Footloose,Footloose_(musical)
503,Forbidden Broadway,Forbidden_Broadway
504,Forbidden Zone,Forbidden_Zone
505,Forever Plaid,Forever_Plaid
506,The Fortress of Solitude,The_Fortress_of_Solitude_(musical)
507,Fosse,Fosse_(musical)
508,Foxy,Foxy_(musical)
509,Frankenstein,Frankenstein_%E2%80%93_A_New_Musical
510,Freaky Friday,Freaky_Friday_(musical)
511,Free as Air,Free_as_Air
512,Freestyle Love Supreme,Freestyle_Love_Supreme
513,From Here to Eternity,From_Here_to_Eternity_the_Musical
514,From Justin to Kelly,From_Justin_to_Kelly
515,Frozen,Frozen_(musical)
516,Frozen Fever,Frozen_Fever
517,Fun Home,Fun_Home_(musical)
518,Funny Face,Funny_Face_(musical)
519,Funny Girl,Funny_Girl_(musical)
520,Funny Lady,Funny_Lady
521,Gay Divorce,Gay_Divorce
522,Gay Purr-ee,Gay_Purr-ee
523,Gentlemen Prefer Blondes,Gentlemen_Prefer_Blondes_(musical)
524,Gettin' the Band Back Together,Gettin%27_the_Band_Back_Together
525,Get Up, Stand Up! The Bob Marley Musical,Get_Up,_Stand_Up!_The_Bob_Marley_Musical
526,Ghost,Ghost_the_Musical
527,Ghost Brothers of Darkland County,Ghost_Brothers_of_Darkland_County
528,Gigi,Gigi_(musical)
529,The Girl Behind the Gun,Kissing_Time
530,Girl Crazy,Girl_Crazy
531,The Glorious Ones,The_Glorious_Ones
532,Glory Days,Glory_Days_(musical)
533,Goblin Market,Goblin_Market
534,Godspell,Godspell
535,Golden Boy,Golden_Boy_(musical)
536,Golden Rainbow,Golden_Rainbow_(musical)
537,Goldilocks,Goldilocks_(musical)
538,Good News,Good_News_(musical)
539,Good Vibrations,Good_Vibrations_(musical)
540,Goodtime Charley,Goodtime_Charley
541,Goosebumps,Goosebumps_The_Musical
542,Grab Me a Gondola,Grab_Me_a_Gondola
543,Grand Hotel,Grand_Hotel_(musical)
544,Grease,Grease_(musical)
545,Grease 2,Grease_2
546,Great British Bake Off: The Musical,Great_British_Bake_Off:_The_Musical
547,Greenwillow,Greenwillow
548,Grey Gardens,Grey_Gardens_(musical)
549,Grimm,Grimm_(musical)
550,Grind,Grind_(musical)
551,Groundhog Day,Groundhog_Day_(musical)
552,The Guy Who Didn't Like Musicals,The_Guy_Who_Didn%27t_Like_Musicals
553,Guys and Dolls,Guys_and_Dolls
554,Gypsy,Gypsy_(musical)
555,Hadestown,Hadestown_(musical)
556,Hair,Hair_(musical)
557,Hairspray,Hairspray_(musical)
558,Half a Sixpence,Half_a_Sixpence
559,Half a Sixpence,Half_a_Sixpence_(2016_musical)
560,Hallelujah, Baby!,Hallelujah,_Baby!
561,Hamilton,Hamilton_(musical)
562,Hands on a Hardbody,Hands_on_a_Hardbody_(musical)
563,Hans Christian Andersen,Hans_Christian_Andersen_(film)
564,Happy Days,Happy_Days_(musical)
565,Happy End,Happy_End_(musical)
566,Happy Go Lovely,Happy_Go_Lovely
567,Happy Hunting,Happy_Hunting_(musical)
568,Harmony,Harmony_(musical)
569,Hazel Flagg,Hazel_Flagg
570,Head Over Heels,Head_Over_Heels_(musical)
571,Heart and Souls,Heart_and_Souls
572,Heathers,Heathers:_The_Musical
573,Hedwig and the Angry Inch,Hedwig_and_the_Angry_Inch_(musical)
574,Hello, Dolly!,Hello,_Dolly!_(musical)
575,Hellzapoppin,Hellzapoppin_(musical)
576,Help!,Help!_(film)
577,Henry, Sweet Henry,Henry,_Sweet_Henry
578,Her First Roman,Her_First_Roman
579,Hercules,Hercules_(1997_film)
580,Hercules,Hercules_(musical)
581,Here Comes the Groom,Here_Comes_the_Groom
582,Here Lies Love,Here_Lies_Love_(musical)
583,Here's Love,Here%27s_Love
584,Charles Perrault,Charles_Perrault
585,High Button Shoes,High_Button_Shoes
586,High Fidelity,High_Fidelity_(musical)
587,High School Musical,High_School_Musical
588,High School Musical 2,High_School_Musical_2
589,High School Musical 3: Senior Year,High_School_Musical_3:_Senior_Year
590,High School Musical on Stage!,High_School_Musical_on_Stage!
591,High School Musical 2: On Stage!,High_School_Musical_2:_On_Stage!
592,High Society,High_Society_(musical)
593,High Spirits,High_Spirits_(musical)
594,Hold Everything!,Hold_Everything!
595,Holiday Inn,Holiday_Inn_(musical)
596,Holy Musical B@man!,Holy_Musical_B@man!
597,Honeymoon in Vegas,Honeymoon_in_Vegas_(musical)
598,Honk!,Honk!
599,Hooray for What!,Hooray_for_What!
600,House of Flowers,House_of_Flowers_(musical)
601,How Now, Dow Jones,How_Now,_Dow_Jones
602,How to Eat Like a Child,How_to_Eat_Like_a_Child
603,How to Succeed in Business Without Really Trying,How_to_Succeed_in_Business_Without_Really_Trying_(musical)
604,Hoy No Me Puedo Levantar,Hoy_No_Me_Puedo_Levantar
605,Huckleberry Finn,Huckleberry_Finn_(1974_film)
606,I and Albert,I_and_Albert
607,I Can Get It for You Wholesale,I_Can_Get_It_for_You_Wholesale
608,I Can't Sing!,I_Can%27t_Sing!
609,I Do! I Do!,I_Do!_I_Do!
610,I Love My Wife,I_Love_My_Wife
611,I Love You Because,I_Love_You_Because
612,I Love You, You're Perfect, Now Change,I_Love_You,_You%27re_Perfect,_Now_Change
613,I Married an Angel,I_Married_an_Angel
614,Idol,Idol:_The_Musical
615,If/Then,If/Then
616,Illya Darling,Illya_Darling
617,Imagine Tap!,Imagine_Tap
618,Imagine This,Imagine_This
619,In Dahomey,In_Dahomey
620,In the Green,In_the_Green
621,In the Heights,In_the_Heights
622,In Transit,In_Transit_(musical)
623,In Trousers,In_Trousers
624,Interstella 5555: The 5tory of the 5ecret 5tar 5ystem,Interstella_5555:_The_5tory_of_the_5ecret_5tar_5ystem
625,Into the Light,Into_the_Light_(musical)
626,Into the Woods,Into_the_Woods
627,Irene,Irene_(musical)
628,Irma La Douce,Irma_La_Douce_(musical)
629,Is There Life After High School?,Is_There_Life_After_High_School%3F
630,It Ain't Nothin' But the Blues,It_Ain%27t_Nothin%27_But_the_Blues
631,It Shoulda Been You,It_Shoulda_Been_You
632,Jackpot,Jackpot_(musical)
633,Jacques Brel is Alive and Well and Living in Paris,Jacques_Brel_is_Alive_and_Well_and_Living_in_Paris
634,Jagged Little Pill,Jagged_Little_Pill_(musical)
635,Jamaica,Jamaica_(musical)
636,James Joyce's The Dead,James_Joyce%27s_The_Dead
637,Jane Eyre,Jane_Eyre_(musical)
638,Jekyll &amp; Hyde,Jekyll_%26_Hyde_(musical)
639,Jelly's Last Jam,Jelly%27s_Last_Jam
640,Jerico-Jim Crow,Jerico-Jim_Crow
641,Jerome Robbins' Broadway,Jerome_Robbins%27_Broadway
642,Jerry Springer: The Opera,Jerry_Springer:_The_Opera
643,Jerry's Girls,Jerry%27s_Girls
644,Jersey Boys,Jersey_Boys
645,Jesus Christ Superstar,Jesus_Christ_Superstar
646,john &amp; jen,John_%26_Jen
647,John Henry,John_Henry_(musical)
648,Johnny Johnson,Johnny_Johnson_(musical)
649,Johnny Pye and the Fool-Killer,Johnny_Pye_and_the_Fool-Killer
650,Joseph and the Amazing Technicolor Dreamcoat,Joseph_and_the_Amazing_Technicolor_Dreamcoat
651,Jubilee,Jubilee_(musical)
652,Jumbo,Jumbo_(musical)
653,Juno,Juno_(musical)
654,Ka-Boom!,Ka-Boom!
655,Kean,Kean_(musical)
656,Keating!,Keating!
657,Kelly,Kelly_(musical)
658,Kimberly Akimbo,Kimberly_Akimbo_(musical)
659,Kimberly Akimbo,Kimberly_Akimbo
660,King David,King_David_(musical)
661,King Kong,King_Kong_(2013_musical)
662,Kinky Boots,Kinky_Boots_(musical)
663,Kismet,Kismet_(musical)
664,Kiss Me, Kate,Kiss_Me,_Kate
665,Kiss of the Spider Woman,Kiss_of_the_Spider_Woman_(musical)
666,Kissing Time,Kissing_Time
667,Knickerbocker Holiday,Knickerbocker_Holiday
668,KPOP,KPOP_(musical)
669,Kristina från Duvemåla,Kristina_fr%C3%A5n_Duvem%C3%A5la
670,Kronborg: 1582,Rockabye_Hamlet
671,Kwamina,Kwamina
672,La La Land,La_La_Land_(film)
673,Labyrinth,Labyrinth_(1986_film)
674,Lady and the Tramp,Lady_and_the_Tramp
675,Lady in the Dark,Lady_in_the_Dark
676,Lady, Be Good,Lady,_Be_Good_(musical)
677,Laughing Room Only,Laughing_Room_Only
678,Leader of the Pack,Leader_of_the_Pack_(musical)
679,Leap of Faith,Leap_of_Faith_(musical)
680,Leben ohne Chris,Leben_ohne_Chris
681,Legally Blonde,Legally_Blonde_(musical)
682,Legs Diamond,Legs_Diamond_(musical)
683,Lend Me a Tenor,Lend_Me_A_Tenor_(musical)
684,Lennon,Lennon_(musical)
685,Leonard Sillman's New Faces of 1952,New_Faces_of_1952
686,Lestat,Lestat_(musical)
687,Let It Ride,Let_It_Ride_(musical)
688,Let My People Come,Let_My_People_Come
689,Letters from Lehrer,Letters_from_Lehrer
690,Life Begins at 8:40,Life_Begins_at_8:40
691,Li'l Abner,Li%27l_Abner_(musical)
692,The Lion King 1½,The_Lion_King_1%C2%BD
693,The Lion King II: Simba's Pride,The_Lion_King_II:_Simba%27s_Pride
694,Little by Little,Little_by_Little_(musical)
695,Little Fish,Little_Fish_(musical)
696,Little Johnny Jones,Little_Johnny_Jones
697,Little Mary Sunshine,Little_Mary_Sunshine
698,Little Me,Little_Me_(musical)
699,Little Miss Sunshine,Little_Miss_Sunshine_(musical)
700,Little Nemo: Adventures in Slumberland,Little_Nemo:_Adventures_in_Slumberland
701,Little Shop of Horrors,Little_Shop_of_Horrors_(musical)
702,Little Tramp,Little_Tramp
703,Little Women,Little_Women_(musical)
704,Lock Up Your Daughters,Lock_Up_Your_Daughters_(musical)
705,London Calling!,London_Calling!
706,London Road,London_Road_(musical)
707,Lone Star Love,Lone_Star_Love
708,Look to the Lilies,Look_to_the_Lilies
709,Lord of the Dance,Lord_of_the_Dance_(musical)
710,The Lord of the Rings,Lord_of_the_Rings_(musical)
711,Lorelei,Lorelei_(musical)
712,Loserville,Loserville
713,Lost in the Stars,Lost_in_the_Stars
714,Louisiana Purchase,Louisiana_Purchase_(musical)
715,Love from Judy,Love_from_Judy
716,Love Life,Love_Life_(musical)
717,Love Never Dies,Love_Never_Dies_(musical)
718,Love Story,Love_Story_(musical)
719,Love, Janis,Love,_Janis
720,LoveMusik,LoveMusik
721,Lucky Guy,Lucky_Guy_(musical)
722,Lucky Stiff,Lucky_Stiff
723,Ludwig II,Ludwig_II_(musical)
724,Lust 'n Rust,Lust_%27n_Rust
725,Lysistrata Jones,Lysistrata_Jones
726,Mack &amp; Mabel,Mack_%26_Mabel
727,Made in Dagenham,Made_in_Dagenham_(musical)
728,Maggie May,Maggie_May_(musical)
729,The Magic Basket,The_Magic_Basket
730,Magic Gum Tree,Magic_Gum_Tree
731,Make a Wish,Make_a_Wish_(musical)
732,Make Me a Song,Make_Me_a_Song_(musical)
733,Making Tracks,Making_Tracks
734,Mame,Mame_(musical)
735,Mamma Mia!,Mamma_Mia!_(musical)
736,Mamma Mia! Here We Go Again,Mamma_Mia!_Here_We_Go_Again
737,Mam'zelle Champagne,Mam%27zelle_Champagne
738,Man of La Mancha,Man_of_La_Mancha
739,A Man of No Importance,A_Man_of_No_Importance_(musical)
740,March of the Falsettos,March_of_the_Falsettos
741,Margie,Margie_(1946_film)
742,Marguerite,Marguerite_(musical)
743,Marie Christine,Marie_Christine
744,Marinka,Marinka_(operetta)
745,Marry Me a Little,Marry_Me_a_Little_(musical)
746,Martin Guerre,Martin_Guerre_(musical)
747,Mary Poppins,Mary_Poppins_(musical)
748,Mary Poppins Returns,Mary_Poppins_Returns
749,Matador,Matador_(English_musical)
750,Matilda,Matilda_the_Musical
751,Maytime,Maytime_(musical)
752,Me and Juliet,Me_and_Juliet
753,Me and My Dick,Me_and_My_Dick
754,Me and My Girl,Me_and_My_Girl
755,Mean Girls,Mean_Girls_(musical)
756,Meet Me in St. Louis,Meet_Me_in_St._Louis_(musical)
757,Meet the Feebles,Meet_the_Feebles
758,Memphis,Memphis_(musical)
759,Menopause,Menopause_The_Musical
760,Merlin,Merlin_(musical)
761,Merrily We Roll Along,Merrily_We_Roll_Along_(musical)
762,Metropolis,Metropolis_(musical)
763,Mexican Hayride,Mexican_Hayride_(musical)
764,Millennials,Millennials_(musical)
765,Millennium Dome Show,Millennium_Dome_Show
766,Milk and Honey,Milk_and_Honey_(musical)
767,Million Dollar Quartet,Million_Dollar_Quartet_(musical)
768,Les Misérables,Les_Mis%C3%A9rables_(musical)#Original_French_production
769,Les Misérables,Les_Mis%C3%A9rables_(musical)#Original_Broadway_production
770,Miss 1917,Miss_1917
771,Miss Liberty,Miss_Liberty
772,Miss Saigon,Miss_Saigon
773,MJ the Musical,MJ_the_Musical
774,Moana,Moana_(2016_film)
775,Moby Dick,Moby_Dick_(musical)
776,Moon Landing,Moon_Landing_(music_drama)
777,More Than You Deserve,More_Than_You_Deserve
778,Motown: The Musical,Motown:_The_Musical
779,Moulin Rouge!,Moulin_Rouge!_(musical)
780,Movin' Out,Movin%27_Out_(musical)
781,Mozart!,Mozart!
782,Mozart, l'opéra rock,Mozart,_l%27op%C3%A9ra_rock
783,Mr. Cinders,Mr._Cinders
784,Mr. President,Mr._President_(musical)
785,Mr. Wonderful,Mr._Wonderful_(musical)
786,Mrs Henderson Presents,Mrs_Henderson_Presents_(musical)
787,Mrs. Santa Claus,Mrs._Santa_Claus
788,Much Ado,Much_Ado
789,Mulan,Mulan_(1998_film)
790,Mulan II,Mulan_II
791,Murder Ballad,Murder_Ballad_(musical)
792,Murder for Two,Murder_for_Two
793,Muriel's Wedding (musical),Muriel%27s_Wedding_(musical)
794,My Fair Lady,My_Fair_Lady
795,My Favorite Year,My_Favorite_Year_(musical)
796,My Life With Albertine,My_Life_With_Albertine
797,My Little Pony: The Movie,My_Little_Pony:_The_Movie_(2017_film)
798,My One and Only,My_One_and_Only_(musical)
799,My Scary Girl,My_Scary_Girl
800,My Son Pinocchio,My_Son_Pinocchio
801,The Mystery of Edwin Drood,Drood
802,Napoleon,Napoleon_(musical)
803,Narnia,Adaptations_of_The_Chronicles_of_Narnia#Stage
804,Natasha, Pierre &amp; The Great Comet of 1812,Natasha,_Pierre_%26_The_Great_Comet_of_1812
805,Nativity!,Nativity!_The_Musical
806,Ned Kelly,Ned_Kelly_(1970_film)
807,Netru, Indru, Naalai,Netru,_Indru,_Naalai
808,Never Forget,Never_Forget_(musical)
809,Never Gonna Dance,Never_Gonna_Dance
810,Nevermore: The Imaginary Life and Mysterious Death of Edgar Allan Poe,Nevermore:_The_Imaginary_Life_and_Mysterious_Death_of_Edgar_Allan_Poe
811,New Faces of 1952,New_Faces_of_1952
812,New Girl in Town,New_Girl_in_Town
813,Newsical,Newsical
814,Newsies,Newsies_(musical)
815,Next to Normal,Next_to_Normal
816,Nice Work If You Can Get It,Nice_Work_If_You_Can_Get_It_(musical)
817,A Night with Janis Joplin,A_Night_with_Janis_Joplin
818,Nightingale,Nightingale_(musical)
819,Nine,Nine_(musical)
820,No Strings,No_Strings
821,No, No, Nanette,No,_No,_Nanette
822,Nobody's Boy,Nobody%27s_Boy_(musical)
823,Nord-Ost,Nord-Ost
824,Nosferatu the Vampire,Nosferatu_The_Vampire_(musical)
825,Notre-Dame de Paris,Notre-Dame_de_Paris_(musical)
826,Now Is the Time for All Good Men,Now_Is_the_Time_for_All_Good_Men
827,Now. Here. This.,Now._Here._This.
828,Nunsense,Nunsense
829,Nymph Errant,Nymph_Errant
830,Of Thee I Sing,Of_Thee_I_Sing
831,Oh, Boy!,Oh,_Boy!_(musical)
832,Oh! Calcutta!,Oh!_Calcutta!
833,Oh, Captain!,Oh,_Captain!
834,Oh, Kay!,Oh,_Kay!
835,Oh, What a Lovely War!,Oh,_What_a_Lovely_War!
836,Oil City Symphony,Oil_City_Symphony
837,Oklahoma!,Oklahoma!
838,Olaf's Frozen Adventure,Olaf%27s_Frozen_Adventure
839,Oliver &amp; Company,Oliver_%26_Company
840,Oliver!,Oliver!
841,Olympus on My Mind,Olympus_on_My_Mind
842,On a Clear Day You Can See Forever,On_a_Clear_Day_You_Can_See_Forever
843,On the Record,On_the_Record_(musical)
844,On the Town,On_the_Town_(musical)
845,On the Twentieth Century,On_the_Twentieth_Century
846,On Your Feet!,On_Your_Feet!
847,On Your Toes,On_Your_Toes
848,Once,Once_(musical)
849,Once on This Island,Once_on_This_Island
850,Once Upon a Mattress,Once_Upon_a_Mattress
851,Once Upon a One More Time,Once_Upon_a_One_More_Time
852,Once Upon a Time at the Adelphi,Once_Upon_a_Time_at_the_Adelphi
853,One and One,One_and_One_(musical)
854,One Touch of Venus,One_Touch_of_Venus
855,Only Fools and Horses The Musical,Only_Fools_and_Horses_The_Musical
856,Ordinary Days,Ordinary_Days
857,Our House,Our_House_(musical)
858,Our Miss Gibbs,Our_Miss_Gibbs
859,Out of This World,Out_of_This_World_(musical)
860,Over Here!,Over_Here!
861,Pacific 1860,Pacific_1860
862,Pacific Overtures,Pacific_Overtures
863,Paint Your Wagon,Paint_Your_Wagon_(musical)
864,Pal Joey,Pal_Joey_(musical)
865,Panama Hattie,Panama_Hattie
866,Parade,Parade_(musical)
867,Paramour,Paramour_(Cirque_du_Soleil)
868,Paris,Paris_(1928_musical)
869,Paris,Paris_(2003_musical)
870,Passing Strange,Passing_Strange_(musical)
871,Passion,Passion_(musical)
872,Pennies from Heaven,Pennies_from_Heaven_(1981_film)
873,Perchance to Dream,Perchance_to_Dream_(musical)
874,Perfect Harmony,Perfect_Harmony_(musical)
875,Peter Pan,Peter_Pan_(1950_musical)
876,Peter Pan,Peter_Pan_(1953_film)
877,Peter Pan,Peter_Pan_(1954_musical)
878,Peter Pan: A Musical Adventure,Peter_Pan:_A_Musical_Adventure
879,Pete's Dragon,Pete%27s_Dragon_(1977_film)
880,Phantom of the Opera,Phantom_of_the_Opera_(1976_musical)
881,Phi-Phi,Phi-Phi
882,Pickwick,Pickwick_(musical)
883,Pieces of Eight,Pieces_of_Eight_(1985_musical)
884,Pink Floyd – The Wall,Pink_Floyd_%E2%80%93_The_Wall
885,Pinocchio,Pinocchio_(1940_film)
886,Pins and Needles,Pins_and_Needles
887,Pipe Dream,Pipe_Dream_(musical)
888,Pippin,Pippin_(musical)
889,Pitch Perfect,Pitch_Perfect
890,Pitch Perfect 2,Pitch_Perfect_2
891,Pitch Perfect 3,Pitch_Perfect_3
892,Plain and Fancy,Plain_and_Fancy
893,Platinum,Platinum_(musical)
894,Play On!,Play_On!
895,Pocahontas,Pocahontas_(1995_film)
896,Pokémon Live!,Pok%C3%A9mon_Live!
897,Poor Little Rich Girl,Poor_Little_Rich_Girl_(1936_film)
898,Popeye,Popeye_(film)
899,Porgy and Bess,Porgy_and_Bess
900,Portofino,Portofino_(musical)
901,Pretty Woman,Pretty_Woman:_The_Musical
902,Pride and Prejudice,Pride_and_Prejudice_(musical)
903,Prince of Broadway,Prince_of_Broadway
904,The Princess and the Frog,The_Princess_and_the_Frog
905,Priscilla, Queen of the Desert,Priscilla,_Queen_of_the_Desert_(musical)
906,Promenade,Promenade_(musical)
907,Promises, Promises,Promises,_Promises_(musical)
908,Pump Boys and Dinettes,Pump_Boys_and_Dinettes
909,Purlie,Purlie
910,Puteri Gunung Ledang,Puteri_Gunung_Ledang_(musical)
911,Quadrophenia,Quadrophenia_(musical)
912,Quilters,Quilters_(musical)
913,Rachael Lily Rosenbloom (And Don't You Ever Forget It),Rachael_Lily_Rosenbloom_(And_Don%27t_You_Ever_Forget_It)
914,Raggedy Ann,Raggedy_Ann_(musical)
915,Raggedy Ann &amp; Andy: A Musical Adventure,Raggedy_Ann_%26_Andy:_A_Musical_Adventure
916,Rags,Rags_(musical)
917,Ragtime,Ragtime_(musical)
918,Raise Your Voice,Raise_Your_Voice
919,Raisin,Raisin_(musical)
920,Randy Newman's Faust,Randy_Newman%27s_Faust
921,Ratatouille the Musical,Ratatouille_the_Musical
922,Rebecca,Rebecca_(musical)
923,Red, Hot and Blue,Red,_Hot_and_Blue
924,Redhead,Redhead_(musical)
925,Reefer Madness,Reefer_Madness_(musical)
926,Rent,Rent_(musical)
927,Repo! The Genetic Opera,Repo!_The_Genetic_Opera
928,Return to the Forbidden Planet,Return_to_the_Forbidden_Planet
929,Rex,Rex_(musical)
930,Ride the Cyclone,Ride_the_Cyclone
931,The Rink,The_Rink_(musical)
932,Road Show,Road_Show_(musical)
933,Road to Morocco,Road_to_Morocco
934,Road to Singapore,Road_to_Singapore
935,Road to Utopia,Road_to_Utopia
936,Road to Zanzibar,Road_to_Zanzibar
937,Robert and Elizabeth,Robert_and_Elizabeth
938,Roberta,Roberta
939,Robinson Crusoe,Robinson_Crusoe_(musical)
940,Rock of Ages,Rock_of_Ages_(musical)
941,Rockabye Hamlet,Rockabye_Hamlet
942,Rocky,Rocky_the_Musical
943,Roman Holiday,Roman_Holiday_(musical)
944,Romance/Romance,Romance/Romance
945,Roméo et Juliette, de la Haine à l'Amour,Rom%C3%A9o_et_Juliette,_de_la_Haine_%C3%A0_l%27Amour
946,Rosalie,Rosalie_(musical)
947,Rose-Marie,Rose-Marie
948,Rover Dangerfield,Rover_Dangerfield
949,Royal Wedding,Royal_Wedding
950,Rudolf,Rudolf_(musical)
951,Runaways,Runaways_(musical)
952,Sail Away,Sail_Away_(musical)
953,Salad Days,Salad_Days_(musical)
954,Sally,Sally_(musical)
955,Saludos Amigos,Saludos_Amigos
956,Salvation,Salvation_(musical)
957,San Francisco,San_Francisco_(1936_film)
958,Sarafina!,Sarafina!_(musical)
959,Saratoga,Saratoga_(musical)
960,Saturday Night,Saturday_Night_(musical)
961,Saturday Night Fever,Saturday_Night_Fever_(musical)
962,Saucy Jack and the Space Vixens,Saucy_Jack_and_the_Space_Vixens
963,Saved,Saved_(musical)
964,Say It with Songs,Say_It_with_Songs
965,Say When,Say_When_(musical)
966,Say, Darling,Say,_Darling
967,Scandalous,Scandalous:_The_Life_and_Trials_of_Aimee_Semple_McPherson
968,School of Rock,School_of_Rock_(musical)
969,Schwestern im Geiste,Schwestern_im_Geiste
970,Scrooge,Scrooge_(1970_film)
971,Second Chance,Second_Chance_(musical)
972,See What I Wanna See,See_What_I_Wanna_See
973,Seesaw,Seesaw_(musical)
974,Seussical,Seussical
975,Seven Brides for Seven Brothers,Seven_Brides_for_Seven_Brothers_(musical)
976,Sgt. Pepper's Lonely Hearts Club Band,Sgt._Pepper%27s_Lonely_Hearts_Club_Band_(film)
977,Shangri-La,Shangri-La_(musical)
978,Sharpay's Fabulous Adventure,Sharpay%27s_Fabulous_Adventure
979,She Loves Me,She_Loves_Me
980,Shenandoah,Shenandoah_(musical)
981,Shinbone Alley,Shinbone_Alley
982,Shock Treatment,Shock_Treatment
983,Shockheaded Peter,Shockheaded_Peter_(musical)
984,Shout! The Mod Musical,Shout!_The_Mod_Musical
985,Show Boat,Show_Boat
986,Show Girl,Show_Girl_(1929_musical)
987,Showtune,Showtune_(musical)
988,Shrek The Musical,Shrek_The_Musical
989,Side by Side by Sondheim,Side_by_Side_by_Sondheim
990,Side Show,Side_Show_(musical)
991,Silk Stockings,Silk_Stockings
992,Sing,Sing_(1989_film)
993,Sing,Sing_(2016_American_film)
994,Sing As We Go,Sing_As_We_Go
995,Singin' in the Rain,Singin%27_in_the_Rain_(musical)
996,Sister Act,Sister_Act_(musical)
997,Six,Six_(musical)
998,Skittles Commercial: The Broadway Musical,Skittles_Commercial:_The_Broadway_Musical
999,Skyscraper,Skyscraper_(musical)
1000,Sleeping Beauty,Sleeping_Beauty_(1959_film)
1001,Smike,Smike
1002,Smile,Smile_(musical)
1003,Smoke on the Mountain,Smoke_on_the_Mountain
1004,Smokey Joe's Cafe,Smokey_Joe%27s_Cafe_(revue)
1005,Snoopy!,Snoopy!_The_Musical
1006,Snoopy, Come Home,Snoopy,_Come_Home
1007,Snow White and the Seven Dwarfs,Snow_White_and_the_Seven_Dwarfs_(musical)
1008,Snow.Wolf.Lake,Snow.Wolf.Lake
1009,Soho Cinders,Soho_Cinders
1010,Some Like It Hot,Some_Like_It_Hot_(musical)
1011,Someone Like You,Someone_like_You_(musical)
1012,Something Rotten!,Something_Rotten!
1013,Sondheim on Sondheim,Sondheim_on_Sondheim
1014,Song and Dance,Song_and_Dance
1015,Song of Norway,Song_of_Norway
1016,Songs for a New World,Songs_for_a_New_World
1017,Sophisticated Ladies,Sophisticated_Ladies
1018,Soul Men,Soul_Men
1019,Soul Sister,Soul_Sister_(musical)
1020,South Pacific,South_Pacific_(musical)
1021,South Park: Bigger, Longer &amp; Uncut,South_Park:_Bigger,_Longer_%26_Uncut
1022,Spamalot,Spamalot
1023,Spectacular!,Spectacular!
1024,Spider-Man: Turn Off the Dark,Spider-Man:_Turn_Off_the_Dark
1025,SpongeBob SquarePants,SpongeBob_SquarePants_(musical)
1026,Spring Awakening,Spring_Awakening_(musical)
1027,St. Louis Woman,St._Louis_Woman
1028,Starlight Express,Starlight_Express
1029,Starmania,Starmania_(musical)
1030,Starmites,Starmites
1031,Starship,Starship_(musical)
1032,Starting Here, Starting Now,Starting_Here,_Starting_Now
1033,State Fair,State_Fair_(musical)
1034,Steel Pier,Steel_Pier_(musical)
1035,Step Up: All In,Step_Up:_All_In
1036,Stephen Ward,Stephen_Ward_the_Musical
1037,Stingray Sam,Stingray_Sam
1038,Stop the World – I Want to Get Off,Stop_the_World_%E2%80%93_I_Want_to_Get_Off
1039,Street Scene,Street_Scene_(opera)
1040,Strike Up the Band,Strike_Up_the_Band_(musical)
1041,Subways Are For Sleeping,Subways_Are_For_Sleeping
1042,Sugar,Sugar_(musical)
1043,Sugar Babies,Sugar_Babies_(musical)
1044,Summer: The Donna Summer Musical,Summer:_The_Donna_Summer_Musical
1045,Sunday in the Park with George,Sunday_in_the_Park_with_George
1046,Sunny Afternoon,Sunny_Afternoon_(musical)
1047,Sunset Boulevard,Sunset_Boulevard_(musical)
1048,Sweeney Todd: The Demon Barber of Fleet Street,Sweeney_Todd:_The_Demon_Barber_of_Fleet_Street
1049,Sweet Charity,Sweet_Charity
1050,Sweet Smell of Success,Sweet_Smell_of_Success_(musical)
1051,Swing Time,Swing_Time_(film)
1052,Swing!,Swing!
1053,Swinging on a Star,Swinging_on_a_Star_(musical)
1054,Taboo,Taboo_(musical)
1055,Take Flight!,Take_Flight_(musical)
1056,Take Me Along,Take_Me_Along
1057,Tältprojektet,T%C3%A4ltprojektet
1058,Tangled,Tangled
1059,Tarzan,Tarzan_(musical)
1060,Teacher's Pet,Teacher%27s_Pet_(2004_film)
1061,Tenacious D in The Pick of Destiny,Tenacious_D_in_The_Pick_of_Destiny
1062,Tenderloin,Tenderloin_(musical)
1063,That Midnight Kiss,That_Midnight_Kiss
1064,They're Playing Our Song,They%27re_Playing_Our_Song
1065,Thoroughly Modern Millie,Thoroughly_Modern_Millie_(musical)
1066,Thou Shalt Not,Thou_Shalt_Not_(musical)
1067,The Three Musketeers,The_Three_Musketeers_(musical)
1068,Three Wishes for Jamie,Three_Wishes_for_Jamie
1069,Tick, Tick... Boom!,Tick,_Tick..._Boom!
1070,Tickets, Please!,Tickets,_Please!
1071,Tickle Me,Tickle_Me_(play)
1072,Timbuktu!,Timbuktu!
1073,Tina,Tina_(musical)
1074,Tintypes,Tintypes
1075,Titanic,Titanic_(musical)
1076,title of show,Title_of_show
1077,Tomorrow Morning,Tomorrow_Morning_(musical)
1078,Tom Sawyer,Tom_Sawyer_(1973_film)
1079,Tonight's the Night,Tonight%27s_the_Night_(2003_musical)
1080,Too Close to the Sun,Too_Close_to_the_Sun
1081,Too Many Girls,Too_Many_Girls_(musical)
1082,Tootsie,Tootsie_(musical)
1083,Top Banana,Top_Banana_(musical)
1084,Top Hat,Top_Hat_(musical)
1085,Tovarich,Tovarich_(musical)
1086,Triassic Parq,Triassic_Parq
1087,Triumph of Love,Triumph_of_Love_(musical)
1088,Tuck Everlasting,Tuck_Everlasting_(musical)
1089,Twang!!,Twang!!
1090,Twisted,Twisted_(musical)
1091,Two by Two,Two_by_Two_(musical)
1092,Two Cities,Two_Cities_(musical)
1093,Two Gentlemen of Verona,Two_Gentlemen_of_Verona_(musical)
1094,Two on the Aisle,Two_on_the_Aisle
1095,Two's Company,Two%27s_Company_(musical)
1096,Urban Cowboy,Urban_Cowboy_(musical)
1097,Urinetown,Urinetown
1098,Vanities, A New Musical,Vanities,_A_New_Musical
1099,Very Good, Eddie,Very_Good,_Eddie
1100,Very Warm for May,Very_Warm_for_May
1101,Via Galactica,Via_Galactica
1102,Victor/Victoria,Victor/Victoria_(musical)
1103,Violet,Violet_(musical)
1104,Vivir Intentando,Vivir_Intentando
1105,Wait a Minim!,Wait_a_Minim!
1106,Waitress,Waitress_(musical)
1107,Walk a Little Faster,Walk_a_Little_Faster
1108,Walking Happy,Walking_Happy
1109,Walmartopia,Walmartopia
1110,War Paint,War_Paint_(musical)
1111,We Are The Tigers,We_Are_The_Tigers
1112,We Will Rock You,We_Will_Rock_You_(musical)
1113,Welcome to the Voice,Welcome_to_the_Voice
1114,Were the World Mine,Were_the_World_Mine
1115,West Side Story,West_Side_Story
1116,What Makes Sammy Run?,What_Makes_Sammy_Run%3F
1117,What's New Pussycat?,What%27s_New_Pussycat%3F_(musical)
1118,The History of Tom Jones, a Foundling,The_History_of_Tom_Jones,_a_Foundling
1119,Where's Charley?,Where%27s_Charley%3F
1120,Whistle Down the Wind,Whistle_Down_the_Wind_(1996_musical)
1121,White Christmas,White_Christmas_(musical)
1122,Whoopee!,Whoopee!
1123,Wicked,Wicked_(musical)
1124,Wildcat,Wildcat_(musical)
1125,Willy Wonka &amp; the Chocolate Factory,Willy_Wonka_%26_the_Chocolate_Factory
1126,Willy Wonka,Roald_Dahl%27s_Willy_Wonka_(musical)
1127,Willy Wonka Junior,Roald_Dahl%27s_Willy_Wonka_(musical)
1128,Winnie the Pooh and a Day for Eeyore,Winnie_the_Pooh_and_a_Day_for_Eeyore
1129,Winnie the Pooh and the Blustery Day,Winnie_the_Pooh_and_the_Blustery_Day
1130,Winnie the Pooh and the Honey Tree,Winnie_the_Pooh_and_the_Honey_Tree
1131,Winnie the Pooh and Tigger Too,Winnie_the_Pooh_and_Tigger_Too
1132,Winnie the Pooh: The New Musical Adaptation,Winnie_the_Pooh:_The_New_Musical_Adaptation
1133,Wish You Were Here,Wish_You_Were_Here_(musical)
1134,Woman of the Year,Woman_of_the_Year_(musical)
1135,Women on the Verge of a Nervous Breakdown,Women_on_the_Verge_of_a_Nervous_Breakdown_(musical)
1136,Wonderful Town,Wonderful_Town
1137,Wonderland,Wonderland_(musical)
1138,The Woodsman,The_Woodsman_(play)
1139,The Woodsman (Original Off-Broadway Solo Recording),The_Woodsman_(play)#Cast_recording
1140,Words and Music,Words_and_Music_(musical)
1141,Working,Working_(musical)
1142,Wuthering Heights,Wuthering_Heights_(musical)
1143,Xanadu,Xanadu_(musical)
1144,Yellow Submarine,Yellow_Submarine_(film)
1145,Yentl,Yentl_(film)
1146,Yes Nurse! No Nurse!,Yes_Nurse!_No_Nurse!
1147,You Said It,You_Said_It
1148,Young Frankenstein,Young_Frankenstein_(musical)
1149,Your Own Thing,Your_Own_Thing
1150,You're a Good Man, Charlie Brown,You%27re_a_Good_Man,_Charlie_Brown
1151,Zanna, Don't!,Zanna,_Don%27t!
1152,Zenda,Zenda_(musical)
1153,Ziegfeld Follies,Ziegfeld_Follies_(film)
1154,Ziegfeld Follies of 1909,Ziegfeld_Follies
1155,Ziegfeld Follies of 1910,Ziegfeld_Follies
1156,Ziegfeld Follies of 1911,Ziegfeld_Follies
1157,Ziegfeld Follies of 1912,Ziegfeld_Follies
1158,Ziegfeld Follies of 1913,Ziegfeld_Follies
1159,Ziegfeld Follies of 1914,Ziegfeld_Follies
1160,Ziegfeld Follies of 1915,Ziegfeld_Follies
1161,Ziegfeld Follies of 1917,Ziegfeld_Follies
1162,Ziegfeld Follies of 1919,Ziegfeld_Follies
1163,Ziegfeld Follies of 1920,Ziegfeld_Follies
1164,Ziegfeld Follies of 1921,Ziegfeld_Follies
1165,Ziegfeld Follies of 1922,Ziegfeld_Follies
1166,Ziegfeld Follies of 1923,Ziegfeld_Follies
1167,Ziegfeld Follies of 1924,Ziegfeld_Follies
1168,Ziegfeld Follies of 1927,Ziegfeld_Follies
1169,Ziegfeld Follies of 1931,Ziegfeld_Follies
1170,Ziegfeld Follies of 1934,Ziegfeld_Follies
1171,Ziegfeld Follies of 1936,Ziegfeld_Follies
1172,Ziegfeld Follies of 1943,Ziegfeld_Follies
1173,Ziegfeld Follies of 1957,Ziegfeld_Follies
1174,Ziegfeld Follies of 1958,Ziegfeld_Follies
1175,Ziegfeld Girl,Ziegfeld_Girl_(film)
1176,Zip Goes a Million,Zip_Goes_a_Million
1177,Zipp!,Zipp!_(musical)
1178,Zombie Prom,Zombie_Prom
1179,Zombies,Zombies_(2018_film)
1180,Zombies from The Beyond,Zombies_from_The_Beyond
1181,Zorba,Zorba_(musical)
1182,Zorro,Zorro_(musical)
1183,Zuleika,Zuleika_(musical)
